date,Max. company power demand,Average company power demand,Min. company power demand
2022-10-10 00:00:00,2.636,2.3386666666666667,2.024
2022-10-10 00:15:00,2.636,2.2693333333333334,1.968
2022-10-10 00:30:00,2.64,2.2386666666666666,1.924
2022-10-10 00:45:00,2.648,2.2066666666666666,1.892
2022-10-10 01:00:00,2.648,2.192,1.8800000000000001
2022-10-10 01:15:00,2.648,2.1906666666666665,1.8800000000000001
2022-10-10 01:30:00,2.648,2.1973333333333334,1.884
2022-10-10 01:45:00,2.648,2.2066666666666666,1.892
2022-10-10 02:00:00,2.6519999999999997,2.2119999999999997,1.892
2022-10-10 02:15:00,2.6599999999999997,2.2159999999999997,1.8880000000000001
2022-10-10 02:30:00,2.6599999999999997,2.2146666666666666,1.8880000000000001
2022-10-10 02:45:00,2.648,2.2066666666666666,1.892
2022-10-10 03:00:00,2.624,2.196,1.9040000000000001
2022-10-10 03:15:00,2.58,2.1773333333333333,1.9120000000000001
2022-10-10 03:30:00,2.528,2.1613333333333333,1.9120000000000001
2022-10-10 03:45:00,2.46,2.144,1.892
2022-10-10 04:00:00,2.388,2.132,1.8519999999999999
2022-10-10 04:15:00,2.36,2.1439999999999997,1.8319999999999999
2022-10-10 04:30:00,2.428,2.204,1.892
2022-10-10 04:45:00,2.648,2.3320000000000003,2.08
2022-10-10 05:00:00,2.696,2.4226666666666667,2.16
2022-10-10 05:15:00,2.7439999999999998,2.510666666666667,2.068
2022-10-10 05:30:00,2.804,2.5719999999999996,2.1239999999999997
2022-10-10 05:45:00,2.836,2.5853333333333333,2.46
2022-10-10 06:00:00,3.1919999999999997,3.0453333333333332,2.792
2022-10-10 06:15:00,4.3839999999999995,3.5,2.864
2022-10-10 06:30:00,6.0760000000000005,4.226666666666667,3.08
2022-10-10 06:45:00,8.32,5.042666666666666,3.216
2022-10-10 07:00:00,11.128,9.186666666666667,7.4079999999999995
2022-10-10 07:15:00,16.468,14.665333333333335,13.156
2022-10-10 07:30:00,24.66,20.692,17.904
2022-10-10 07:45:00,32.34,26.477333333333334,21.560000000000002
2022-10-10 08:00:00,38.484,31.36266666666667,25.168000000000003
2022-10-10 08:15:00,43.036,35.22,28.471999999999998
2022-10-10 08:30:00,46.160000000000004,38.04666666666667,31.208000000000002
2022-10-10 08:45:00,48.036,39.84133333333333,33.096
2022-10-10 09:00:00,48.864000000000004,40.657333333333334,33.972
2022-10-10 09:15:00,48.948,40.772,34.088
2022-10-10 09:30:00,48.624,40.51466666666667,33.800000000000004
2022-10-10 09:45:00,48.224000000000004,40.217333333333336,33.472
2022-10-10 10:00:00,48.008,40.136,33.376
2022-10-10 10:15:00,47.943999999999996,40.22266666666666,33.464
2022-10-10 10:30:00,47.924,40.35333333333333,33.604
2022-10-10 10:45:00,47.843999999999994,40.406666666666666,33.664
2022-10-10 11:00:00,47.612,40.27866666666667,33.528000000000006
2022-10-10 11:15:00,47.160000000000004,39.93333333333334,33.176
2022-10-10 11:30:00,46.436,39.352,32.592
2022-10-10 11:45:00,45.388,38.51733333333333,31.772
2022-10-10 12:00:00,43.964,37.406666666666666,30.712
2022-10-10 12:15:00,42.164,36.008,29.444
2022-10-10 12:30:00,39.992,34.303999999999995,28.02
2022-10-10 12:45:00,37.444,32.27466666666667,26.476
2022-10-10 13:00:00,34.616,29.986666666666665,24.9
2022-10-10 13:15:00,31.916,27.8,23.524
2022-10-10 13:30:00,29.855999999999998,26.167999999999996,22.636
2022-10-10 13:45:00,28.936,25.530666666666665,22.503999999999998
2022-10-10 14:00:00,29.456,26.152,23.272000000000002
2022-10-10 14:15:00,30.956,27.582666666666665,24.528
2022-10-10 14:30:00,32.768,29.182666666666666,25.716
2022-10-10 14:45:00,34.227999999999994,30.321333333333328,26.288
2022-10-10 15:00:00,34.816,30.50933333333333,25.836
2022-10-10 15:15:00,34.556,29.855999999999998,24.568
2022-10-10 15:30:00,33.611999999999995,28.615999999999996,22.836000000000002
2022-10-10 15:45:00,32.147999999999996,27.042666666666666,20.992
2022-10-10 16:00:00,30.316,25.343999999999998,19.312
2022-10-10 16:15:00,28.164,23.51866666666667,17.76
2022-10-10 16:30:00,25.735999999999997,21.51733333333333,16.216
2022-10-10 16:45:00,23.072,19.289333333333335,14.56
2022-10-10 17:00:00,20.232,16.829333333333334,12.732
2022-10-10 17:15:00,17.388,14.304000000000002,10.844
2022-10-10 17:30:00,14.74,11.922666666666666,9.064
2022-10-10 17:45:00,12.479999999999999,9.895999999999999,7.564
2022-10-10 18:00:00,10.756,8.38,6.464
2022-10-10 18:15:00,9.46,7.292000000000001,5.696
2022-10-10 18:30:00,8.448,6.497333333333334,5.152
2022-10-10 18:45:00,7.564,5.862666666666667,4.728000000000001
2022-10-10 19:00:00,6.688,5.276,4.332
2022-10-10 19:15:00,5.848,4.737333333333333,3.964
2022-10-10 19:30:00,5.112,4.273333333333333,3.6479999999999997
2022-10-10 19:45:00,4.54,3.909333333333333,3.404
2022-10-10 20:00:00,4.176,3.658666666666667,3.248
2022-10-10 20:15:00,3.9759999999999995,3.497333333333333,3.1559999999999997
2022-10-10 20:30:00,3.868,3.3826666666666667,3.092
2022-10-10 20:45:00,3.784,3.2773333333333334,3.024
2022-10-10 21:00:00,3.6639999999999997,3.153333333333333,2.864
2022-10-10 21:15:00,3.5159999999999996,3.016,2.708
2022-10-10 21:30:00,3.36,2.8826666666666667,2.568
2022-10-10 21:45:00,3.216,2.7746666666666666,2.46
2022-10-10 22:00:00,3.092,2.708,2.412
2022-10-10 22:15:00,2.992,2.6493333333333333,2.336
2022-10-10 22:30:00,2.9080000000000004,2.614666666666667,2.3
2022-10-10 22:45:00,2.836,2.584,2.268
2022-10-10 23:00:00,2.7720000000000002,2.546666666666667,2.2319999999999998
2022-10-10 23:15:00,2.7199999999999998,2.502666666666667,2.188
2022-10-10 23:30:00,2.6759999999999997,2.4506666666666668,2.136
2022-10-10 23:45:00,2.648,2.3960000000000004,2.08
2022-10-11 00:00:00,2.636,2.3386666666666667,2.024
2022-10-11 00:15:00,2.636,2.2693333333333334,1.968
2022-10-11 00:30:00,2.64,2.2386666666666666,1.924
2022-10-11 00:45:00,2.648,2.2066666666666666,1.892
2022-10-11 01:00:00,2.648,2.192,1.8800000000000001
2022-10-11 01:15:00,2.648,2.1906666666666665,1.8800000000000001
2022-10-11 01:30:00,2.648,2.1973333333333334,1.884
2022-10-11 01:45:00,2.648,2.2066666666666666,1.892
2022-10-11 02:00:00,2.6519999999999997,2.2119999999999997,1.892
2022-10-11 02:15:00,2.6599999999999997,2.2159999999999997,1.8880000000000001
2022-10-11 02:30:00,2.6599999999999997,2.2146666666666666,1.8880000000000001
2022-10-11 02:45:00,2.648,2.2066666666666666,1.892
2022-10-11 03:00:00,2.624,2.196,1.9040000000000001
2022-10-11 03:15:00,2.58,2.1773333333333333,1.9120000000000001
2022-10-11 03:30:00,2.528,2.1613333333333333,1.9120000000000001
2022-10-11 03:45:00,2.46,2.144,1.892
2022-10-11 04:00:00,2.388,2.132,1.8519999999999999
2022-10-11 04:15:00,2.36,2.1439999999999997,1.8319999999999999
2022-10-11 04:30:00,2.428,2.204,1.892
2022-10-11 04:45:00,2.648,2.3320000000000003,2.08
2022-10-11 05:00:00,2.696,2.4226666666666667,2.16
2022-10-11 05:15:00,2.7439999999999998,2.510666666666667,2.068
2022-10-11 05:30:00,2.804,2.5719999999999996,2.1239999999999997
2022-10-11 05:45:00,2.836,2.5853333333333333,2.46
2022-10-11 06:00:00,3.1919999999999997,3.0453333333333332,2.792
2022-10-11 06:15:00,4.3839999999999995,3.5,2.864
2022-10-11 06:30:00,6.0760000000000005,4.226666666666667,3.08
2022-10-11 06:45:00,8.32,5.042666666666666,3.216
2022-10-11 07:00:00,11.128,9.186666666666667,7.4079999999999995
2022-10-11 07:15:00,16.468,14.665333333333335,13.156
2022-10-11 07:30:00,24.66,20.692,17.904
2022-10-11 07:45:00,32.34,26.477333333333334,21.560000000000002
2022-10-11 08:00:00,38.484,31.36266666666667,25.168000000000003
2022-10-11 08:15:00,43.036,35.22,28.471999999999998
2022-10-11 08:30:00,46.160000000000004,38.04666666666667,31.208000000000002
2022-10-11 08:45:00,48.036,39.84133333333333,33.096
2022-10-11 09:00:00,48.864000000000004,40.657333333333334,33.972
2022-10-11 09:15:00,48.948,40.772,34.088
2022-10-11 09:30:00,48.624,40.51466666666667,33.800000000000004
2022-10-11 09:45:00,48.224000000000004,40.217333333333336,33.472
2022-10-11 10:00:00,48.008,40.136,33.376
2022-10-11 10:15:00,47.943999999999996,40.22266666666666,33.464
2022-10-11 10:30:00,47.924,40.35333333333333,33.604
2022-10-11 10:45:00,47.843999999999994,40.406666666666666,33.664
2022-10-11 11:00:00,47.612,40.27866666666667,33.528000000000006
2022-10-11 11:15:00,47.160000000000004,39.93333333333334,33.176
2022-10-11 11:30:00,46.436,39.352,32.592
2022-10-11 11:45:00,45.388,38.51733333333333,31.772
2022-10-11 12:00:00,43.964,37.406666666666666,30.712
2022-10-11 12:15:00,42.164,36.008,29.444
2022-10-11 12:30:00,39.992,34.303999999999995,28.02
2022-10-11 12:45:00,37.444,32.27466666666667,26.476
2022-10-11 13:00:00,34.616,29.986666666666665,24.9
2022-10-11 13:15:00,31.916,27.8,23.524
2022-10-11 13:30:00,29.855999999999998,26.167999999999996,22.636
2022-10-11 13:45:00,28.936,25.530666666666665,22.503999999999998
2022-10-11 14:00:00,29.456,26.152,23.272000000000002
2022-10-11 14:15:00,30.956,27.582666666666665,24.528
2022-10-11 14:30:00,32.768,29.182666666666666,25.716
2022-10-11 14:45:00,34.227999999999994,30.321333333333328,26.288
2022-10-11 15:00:00,34.816,30.50933333333333,25.836
2022-10-11 15:15:00,34.556,29.855999999999998,24.568
2022-10-11 15:30:00,33.611999999999995,28.615999999999996,22.836000000000002
2022-10-11 15:45:00,32.147999999999996,27.042666666666666,20.992
2022-10-11 16:00:00,30.316,25.343999999999998,19.312
2022-10-11 16:15:00,28.164,23.51866666666667,17.76
2022-10-11 16:30:00,25.735999999999997,21.51733333333333,16.216
2022-10-11 16:45:00,23.072,19.289333333333335,14.56
2022-10-11 17:00:00,20.232,16.829333333333334,12.732
2022-10-11 17:15:00,17.388,14.304000000000002,10.844
2022-10-11 17:30:00,14.74,11.922666666666666,9.064
2022-10-11 17:45:00,12.479999999999999,9.895999999999999,7.564
2022-10-11 18:00:00,10.756,8.38,6.464
2022-10-11 18:15:00,9.46,7.292000000000001,5.696
2022-10-11 18:30:00,8.448,6.497333333333334,5.152
2022-10-11 18:45:00,7.564,5.862666666666667,4.728000000000001
2022-10-11 19:00:00,6.688,5.276,4.332
2022-10-11 19:15:00,5.848,4.737333333333333,3.964
2022-10-11 19:30:00,5.112,4.273333333333333,3.6479999999999997
2022-10-11 19:45:00,4.54,3.909333333333333,3.404
2022-10-11 20:00:00,4.176,3.658666666666667,3.248
2022-10-11 20:15:00,3.9759999999999995,3.497333333333333,3.1559999999999997
2022-10-11 20:30:00,3.868,3.3826666666666667,3.092
2022-10-11 20:45:00,3.784,3.2773333333333334,3.024
2022-10-11 21:00:00,3.6639999999999997,3.153333333333333,2.864
2022-10-11 21:15:00,3.5159999999999996,3.016,2.708
2022-10-11 21:30:00,3.36,2.8826666666666667,2.568
2022-10-11 21:45:00,3.216,2.7746666666666666,2.46
2022-10-11 22:00:00,3.092,2.708,2.412
2022-10-11 22:15:00,2.992,2.6493333333333333,2.336
2022-10-11 22:30:00,2.9080000000000004,2.614666666666667,2.3
2022-10-11 22:45:00,2.836,2.584,2.268
2022-10-11 23:00:00,2.7720000000000002,2.546666666666667,2.2319999999999998
2022-10-11 23:15:00,2.7199999999999998,2.502666666666667,2.188
2022-10-11 23:30:00,2.6759999999999997,2.4506666666666668,2.136
2022-10-11 23:45:00,2.648,2.3960000000000004,2.08
2022-10-12 00:00:00,2.636,2.3386666666666667,2.024
2022-10-12 00:15:00,2.636,2.2693333333333334,1.968
2022-10-12 00:30:00,2.64,2.2386666666666666,1.924
2022-10-12 00:45:00,2.648,2.2066666666666666,1.892
2022-10-12 01:00:00,2.648,2.192,1.8800000000000001
2022-10-12 01:15:00,2.648,2.1906666666666665,1.8800000000000001
2022-10-12 01:30:00,2.648,2.1973333333333334,1.884
2022-10-12 01:45:00,2.648,2.2066666666666666,1.892
2022-10-12 02:00:00,2.6519999999999997,2.2119999999999997,1.892
2022-10-12 02:15:00,2.6599999999999997,2.2159999999999997,1.8880000000000001
2022-10-12 02:30:00,2.6599999999999997,2.2146666666666666,1.8880000000000001
2022-10-12 02:45:00,2.648,2.2066666666666666,1.892
2022-10-12 03:00:00,2.624,2.196,1.9040000000000001
2022-10-12 03:15:00,2.58,2.1773333333333333,1.9120000000000001
2022-10-12 03:30:00,2.528,2.1613333333333333,1.9120000000000001
2022-10-12 03:45:00,2.46,2.144,1.892
2022-10-12 04:00:00,2.388,2.132,1.8519999999999999
2022-10-12 04:15:00,2.36,2.1439999999999997,1.8319999999999999
2022-10-12 04:30:00,2.428,2.204,1.892
2022-10-12 04:45:00,2.648,2.3320000000000003,2.08
2022-10-12 05:00:00,2.696,2.4226666666666667,2.16
2022-10-12 05:15:00,2.7439999999999998,2.510666666666667,2.068
2022-10-12 05:30:00,2.804,2.5719999999999996,2.1239999999999997
2022-10-12 05:45:00,2.836,2.5853333333333333,2.46
2022-10-12 06:00:00,3.1919999999999997,3.0453333333333332,2.792
2022-10-12 06:15:00,4.3839999999999995,3.5,2.864
2022-10-12 06:30:00,6.0760000000000005,4.226666666666667,3.08
2022-10-12 06:45:00,8.32,5.042666666666666,3.216
2022-10-12 07:00:00,11.128,9.186666666666667,7.4079999999999995
2022-10-12 07:15:00,16.468,14.665333333333335,13.156
2022-10-12 07:30:00,24.66,20.692,17.904
2022-10-12 07:45:00,32.34,26.477333333333334,21.560000000000002
2022-10-12 08:00:00,38.484,31.36266666666667,25.168000000000003
2022-10-12 08:15:00,43.036,35.22,28.471999999999998
2022-10-12 08:30:00,46.160000000000004,38.04666666666667,31.208000000000002
2022-10-12 08:45:00,48.036,39.84133333333333,33.096
2022-10-12 09:00:00,48.864000000000004,40.657333333333334,33.972
2022-10-12 09:15:00,48.948,40.772,34.088
2022-10-12 09:30:00,48.624,40.51466666666667,33.800000000000004
2022-10-12 09:45:00,48.224000000000004,40.217333333333336,33.472
2022-10-12 10:00:00,48.008,40.136,33.376
2022-10-12 10:15:00,47.943999999999996,40.22266666666666,33.464
2022-10-12 10:30:00,47.924,40.35333333333333,33.604
2022-10-12 10:45:00,47.843999999999994,40.406666666666666,33.664
2022-10-12 11:00:00,47.612,40.27866666666667,33.528000000000006
2022-10-12 11:15:00,47.160000000000004,39.93333333333334,33.176
2022-10-12 11:30:00,46.436,39.352,32.592
2022-10-12 11:45:00,45.388,38.51733333333333,31.772
2022-10-12 12:00:00,43.964,37.406666666666666,30.712
2022-10-12 12:15:00,42.164,36.008,29.444
2022-10-12 12:30:00,39.992,34.303999999999995,28.02
2022-10-12 12:45:00,37.444,32.27466666666667,26.476
2022-10-12 13:00:00,34.616,29.986666666666665,24.9
2022-10-12 13:15:00,31.916,27.8,23.524
2022-10-12 13:30:00,29.855999999999998,26.167999999999996,22.636
2022-10-12 13:45:00,28.936,25.530666666666665,22.503999999999998
2022-10-12 14:00:00,29.456,26.152,23.272000000000002
2022-10-12 14:15:00,30.956,27.582666666666665,24.528
2022-10-12 14:30:00,32.768,29.182666666666666,25.716
2022-10-12 14:45:00,34.227999999999994,30.321333333333328,26.288
2022-10-12 15:00:00,34.816,30.50933333333333,25.836
2022-10-12 15:15:00,34.556,29.855999999999998,24.568
2022-10-12 15:30:00,33.611999999999995,28.615999999999996,22.836000000000002
2022-10-12 15:45:00,32.147999999999996,27.042666666666666,20.992
2022-10-12 16:00:00,30.316,25.343999999999998,19.312
2022-10-12 16:15:00,28.164,23.51866666666667,17.76
2022-10-12 16:30:00,25.735999999999997,21.51733333333333,16.216
2022-10-12 16:45:00,23.072,19.289333333333335,14.56
2022-10-12 17:00:00,20.232,16.829333333333334,12.732
2022-10-12 17:15:00,17.388,14.304000000000002,10.844
2022-10-12 17:30:00,14.74,11.922666666666666,9.064
2022-10-12 17:45:00,12.479999999999999,9.895999999999999,7.564
2022-10-12 18:00:00,10.756,8.38,6.464
2022-10-12 18:15:00,9.46,7.292000000000001,5.696
2022-10-12 18:30:00,8.448,6.497333333333334,5.152
2022-10-12 18:45:00,7.564,5.862666666666667,4.728000000000001
2022-10-12 19:00:00,6.688,5.276,4.332
2022-10-12 19:15:00,5.848,4.737333333333333,3.964
2022-10-12 19:30:00,5.112,4.273333333333333,3.6479999999999997
2022-10-12 19:45:00,4.54,3.909333333333333,3.404
2022-10-12 20:00:00,4.176,3.658666666666667,3.248
2022-10-12 20:15:00,3.9759999999999995,3.497333333333333,3.1559999999999997
2022-10-12 20:30:00,3.868,3.3826666666666667,3.092
2022-10-12 20:45:00,3.784,3.2773333333333334,3.024
2022-10-12 21:00:00,3.6639999999999997,3.153333333333333,2.864
2022-10-12 21:15:00,3.5159999999999996,3.016,2.708
2022-10-12 21:30:00,3.36,2.8826666666666667,2.568
2022-10-12 21:45:00,3.216,2.7746666666666666,2.46
2022-10-12 22:00:00,3.092,2.708,2.412
2022-10-12 22:15:00,2.992,2.6493333333333333,2.336
2022-10-12 22:30:00,2.9080000000000004,2.614666666666667,2.3
2022-10-12 22:45:00,2.836,2.584,2.268
2022-10-12 23:00:00,2.7720000000000002,2.546666666666667,2.2319999999999998
2022-10-12 23:15:00,2.7199999999999998,2.502666666666667,2.188
2022-10-12 23:30:00,2.6759999999999997,2.4506666666666668,2.136
2022-10-12 23:45:00,2.648,2.3960000000000004,2.08
2022-10-13 00:00:00,2.636,2.3386666666666667,2.024
2022-10-13 00:15:00,2.636,2.2693333333333334,1.968
2022-10-13 00:30:00,2.64,2.2386666666666666,1.924
2022-10-13 00:45:00,2.648,2.2066666666666666,1.892
2022-10-13 01:00:00,2.648,2.192,1.8800000000000001
2022-10-13 01:15:00,2.648,2.1906666666666665,1.8800000000000001
2022-10-13 01:30:00,2.648,2.1973333333333334,1.884
2022-10-13 01:45:00,2.648,2.2066666666666666,1.892
2022-10-13 02:00:00,2.6519999999999997,2.2119999999999997,1.892
2022-10-13 02:15:00,2.6599999999999997,2.2159999999999997,1.8880000000000001
2022-10-13 02:30:00,2.6599999999999997,2.2146666666666666,1.8880000000000001
2022-10-13 02:45:00,2.648,2.2066666666666666,1.892
2022-10-13 03:00:00,2.624,2.196,1.9040000000000001
2022-10-13 03:15:00,2.58,2.1773333333333333,1.9120000000000001
2022-10-13 03:30:00,2.528,2.1613333333333333,1.9120000000000001
2022-10-13 03:45:00,2.46,2.144,1.892
2022-10-13 04:00:00,2.388,2.132,1.8519999999999999
2022-10-13 04:15:00,2.36,2.1439999999999997,1.8319999999999999
2022-10-13 04:30:00,2.428,2.204,1.892
2022-10-13 04:45:00,2.648,2.3320000000000003,2.08
2022-10-13 05:00:00,2.696,2.4226666666666667,2.16
2022-10-13 05:15:00,2.7439999999999998,2.510666666666667,2.068
2022-10-13 05:30:00,2.804,2.5719999999999996,2.1239999999999997
2022-10-13 05:45:00,2.836,2.5853333333333333,2.46
2022-10-13 06:00:00,3.1919999999999997,3.0453333333333332,2.792
2022-10-13 06:15:00,4.3839999999999995,3.5,2.864
2022-10-13 06:30:00,6.0760000000000005,4.226666666666667,3.08
2022-10-13 06:45:00,8.32,5.042666666666666,3.216
2022-10-13 07:00:00,11.128,9.186666666666667,7.4079999999999995
2022-10-13 07:15:00,16.468,14.665333333333335,13.156
2022-10-13 07:30:00,24.66,20.692,17.904
2022-10-13 07:45:00,32.34,26.477333333333334,21.560000000000002
2022-10-13 08:00:00,38.484,31.36266666666667,25.168000000000003
2022-10-13 08:15:00,43.036,35.22,28.471999999999998
2022-10-13 08:30:00,46.160000000000004,38.04666666666667,31.208000000000002
2022-10-13 08:45:00,48.036,39.84133333333333,33.096
2022-10-13 09:00:00,48.864000000000004,40.657333333333334,33.972
2022-10-13 09:15:00,48.948,40.772,34.088
2022-10-13 09:30:00,48.624,40.51466666666667,33.800000000000004
2022-10-13 09:45:00,48.224000000000004,40.217333333333336,33.472
2022-10-13 10:00:00,48.008,40.136,33.376
2022-10-13 10:15:00,47.943999999999996,40.22266666666666,33.464
2022-10-13 10:30:00,47.924,40.35333333333333,33.604
2022-10-13 10:45:00,47.843999999999994,40.406666666666666,33.664
2022-10-13 11:00:00,47.612,40.27866666666667,33.528000000000006
2022-10-13 11:15:00,47.160000000000004,39.93333333333334,33.176
2022-10-13 11:30:00,46.436,39.352,32.592
2022-10-13 11:45:00,45.388,38.51733333333333,31.772
2022-10-13 12:00:00,43.964,37.406666666666666,30.712
2022-10-13 12:15:00,42.164,36.008,29.444
2022-10-13 12:30:00,39.992,34.303999999999995,28.02
2022-10-13 12:45:00,37.444,32.27466666666667,26.476
2022-10-13 13:00:00,34.616,29.986666666666665,24.9
2022-10-13 13:15:00,31.916,27.8,23.524
2022-10-13 13:30:00,29.855999999999998,26.167999999999996,22.636
2022-10-13 13:45:00,28.936,25.530666666666665,22.503999999999998
2022-10-13 14:00:00,29.456,26.152,23.272000000000002
2022-10-13 14:15:00,30.956,27.582666666666665,24.528
2022-10-13 14:30:00,32.768,29.182666666666666,25.716
2022-10-13 14:45:00,34.227999999999994,30.321333333333328,26.288
2022-10-13 15:00:00,34.816,30.50933333333333,25.836
2022-10-13 15:15:00,34.556,29.855999999999998,24.568
2022-10-13 15:30:00,33.611999999999995,28.615999999999996,22.836000000000002
2022-10-13 15:45:00,32.147999999999996,27.042666666666666,20.992
2022-10-13 16:00:00,30.316,25.343999999999998,19.312
2022-10-13 16:15:00,28.164,23.51866666666667,17.76
2022-10-13 16:30:00,25.735999999999997,21.51733333333333,16.216
2022-10-13 16:45:00,23.072,19.289333333333335,14.56
2022-10-13 17:00:00,20.232,16.829333333333334,12.732
2022-10-13 17:15:00,17.388,14.304000000000002,10.844
2022-10-13 17:30:00,14.74,11.922666666666666,9.064
2022-10-13 17:45:00,12.479999999999999,9.895999999999999,7.564
2022-10-13 18:00:00,10.756,8.38,6.464
2022-10-13 18:15:00,9.46,7.292000000000001,5.696
2022-10-13 18:30:00,8.448,6.497333333333334,5.152
2022-10-13 18:45:00,7.564,5.862666666666667,4.728000000000001
2022-10-13 19:00:00,6.688,5.276,4.332
2022-10-13 19:15:00,5.848,4.737333333333333,3.964
2022-10-13 19:30:00,5.112,4.273333333333333,3.6479999999999997
2022-10-13 19:45:00,4.54,3.909333333333333,3.404
2022-10-13 20:00:00,4.176,3.658666666666667,3.248
2022-10-13 20:15:00,3.9759999999999995,3.497333333333333,3.1559999999999997
2022-10-13 20:30:00,3.868,3.3826666666666667,3.092
2022-10-13 20:45:00,3.784,3.2773333333333334,3.024
2022-10-13 21:00:00,3.6639999999999997,3.153333333333333,2.864
2022-10-13 21:15:00,3.5159999999999996,3.016,2.708
2022-10-13 21:30:00,3.36,2.8826666666666667,2.568
2022-10-13 21:45:00,3.216,2.7746666666666666,2.46
2022-10-13 22:00:00,3.092,2.708,2.412
2022-10-13 22:15:00,2.992,2.6493333333333333,2.336
2022-10-13 22:30:00,2.9080000000000004,2.614666666666667,2.3
2022-10-13 22:45:00,2.836,2.584,2.268
2022-10-13 23:00:00,2.7720000000000002,2.546666666666667,2.2319999999999998
2022-10-13 23:15:00,2.7199999999999998,2.502666666666667,2.188
2022-10-13 23:30:00,2.6759999999999997,2.4506666666666668,2.136
2022-10-13 23:45:00,2.648,2.3960000000000004,2.08
2022-10-14 00:00:00,2.636,2.3386666666666667,2.024
2022-10-14 00:15:00,2.636,2.2693333333333334,1.968
2022-10-14 00:30:00,2.64,2.2386666666666666,1.924
2022-10-14 00:45:00,2.648,2.2066666666666666,1.892
2022-10-14 01:00:00,2.648,2.192,1.8800000000000001
2022-10-14 01:15:00,2.648,2.1906666666666665,1.8800000000000001
2022-10-14 01:30:00,2.648,2.1973333333333334,1.884
2022-10-14 01:45:00,2.648,2.2066666666666666,1.892
2022-10-14 02:00:00,2.6519999999999997,2.2119999999999997,1.892
2022-10-14 02:15:00,2.6599999999999997,2.2159999999999997,1.8880000000000001
2022-10-14 02:30:00,2.6599999999999997,2.2146666666666666,1.8880000000000001
2022-10-14 02:45:00,2.648,2.2066666666666666,1.892
2022-10-14 03:00:00,2.624,2.196,1.9040000000000001
2022-10-14 03:15:00,2.58,2.1773333333333333,1.9120000000000001
2022-10-14 03:30:00,2.528,2.1613333333333333,1.9120000000000001
2022-10-14 03:45:00,2.46,2.144,1.892
2022-10-14 04:00:00,2.388,2.132,1.8519999999999999
2022-10-14 04:15:00,2.36,2.1439999999999997,1.8319999999999999
2022-10-14 04:30:00,2.428,2.204,1.892
2022-10-14 04:45:00,2.648,2.3320000000000003,2.08
2022-10-14 05:00:00,2.696,2.4226666666666667,2.16
2022-10-14 05:15:00,2.7439999999999998,2.510666666666667,2.068
2022-10-14 05:30:00,2.804,2.5719999999999996,2.1239999999999997
2022-10-14 05:45:00,2.836,2.5853333333333333,2.46
2022-10-14 06:00:00,3.1919999999999997,3.0453333333333332,2.792
2022-10-14 06:15:00,4.3839999999999995,3.5,2.864
2022-10-14 06:30:00,6.0760000000000005,4.226666666666667,3.08
2022-10-14 06:45:00,8.32,5.042666666666666,3.216
2022-10-14 07:00:00,11.128,9.186666666666667,7.4079999999999995
2022-10-14 07:15:00,16.468,14.665333333333335,13.156
2022-10-14 07:30:00,24.66,20.692,17.904
2022-10-14 07:45:00,32.34,26.477333333333334,21.560000000000002
2022-10-14 08:00:00,38.484,31.36266666666667,25.168000000000003
2022-10-14 08:15:00,43.036,35.22,28.471999999999998
2022-10-14 08:30:00,46.160000000000004,38.04666666666667,31.208000000000002
2022-10-14 08:45:00,48.036,39.84133333333333,33.096
2022-10-14 09:00:00,48.864000000000004,40.657333333333334,33.972
2022-10-14 09:15:00,48.948,40.772,34.088
2022-10-14 09:30:00,48.624,40.51466666666667,33.800000000000004
2022-10-14 09:45:00,48.224000000000004,40.217333333333336,33.472
2022-10-14 10:00:00,48.008,40.136,33.376
2022-10-14 10:15:00,47.943999999999996,40.22266666666666,33.464
2022-10-14 10:30:00,47.924,40.35333333333333,33.604
2022-10-14 10:45:00,47.843999999999994,40.406666666666666,33.664
2022-10-14 11:00:00,47.612,40.27866666666667,33.528000000000006
2022-10-14 11:15:00,47.160000000000004,39.93333333333334,33.176
2022-10-14 11:30:00,46.436,39.352,32.592
2022-10-14 11:45:00,45.388,38.51733333333333,31.772
2022-10-14 12:00:00,43.964,37.406666666666666,30.712
2022-10-14 12:15:00,42.164,36.008,29.444
2022-10-14 12:30:00,39.992,34.303999999999995,28.02
2022-10-14 12:45:00,37.444,32.27466666666667,26.476
2022-10-14 13:00:00,34.616,29.986666666666665,24.9
2022-10-14 13:15:00,31.916,27.8,23.524
2022-10-14 13:30:00,29.855999999999998,26.167999999999996,22.636
2022-10-14 13:45:00,28.936,25.530666666666665,22.503999999999998
2022-10-14 14:00:00,29.456,26.152,23.272000000000002
2022-10-14 14:15:00,30.956,27.582666666666665,24.528
2022-10-14 14:30:00,32.768,29.182666666666666,25.716
2022-10-14 14:45:00,34.227999999999994,30.321333333333328,26.288
2022-10-14 15:00:00,34.816,30.50933333333333,25.836
2022-10-14 15:15:00,34.556,29.855999999999998,24.568
2022-10-14 15:30:00,33.611999999999995,28.615999999999996,22.836000000000002
2022-10-14 15:45:00,32.147999999999996,27.042666666666666,20.992
2022-10-14 16:00:00,30.316,25.343999999999998,19.312
2022-10-14 16:15:00,28.164,23.51866666666667,17.76
2022-10-14 16:30:00,25.735999999999997,21.51733333333333,16.216
2022-10-14 16:45:00,23.072,19.289333333333335,14.56
2022-10-14 17:00:00,20.232,16.829333333333334,12.732
2022-10-14 17:15:00,17.388,14.304000000000002,10.844
2022-10-14 17:30:00,14.74,11.922666666666666,9.064
2022-10-14 17:45:00,12.479999999999999,9.895999999999999,7.564
2022-10-14 18:00:00,10.756,8.38,6.464
2022-10-14 18:15:00,9.46,7.292000000000001,5.696
2022-10-14 18:30:00,8.448,6.497333333333334,5.152
2022-10-14 18:45:00,7.564,5.862666666666667,4.728000000000001
2022-10-14 19:00:00,6.688,5.276,4.332
2022-10-14 19:15:00,5.848,4.737333333333333,3.964
2022-10-14 19:30:00,5.112,4.273333333333333,3.6479999999999997
2022-10-14 19:45:00,4.54,3.909333333333333,3.404
2022-10-14 20:00:00,4.176,3.658666666666667,3.248
2022-10-14 20:15:00,3.9759999999999995,3.497333333333333,3.1559999999999997
2022-10-14 20:30:00,3.868,3.3826666666666667,3.092
2022-10-14 20:45:00,3.784,3.2773333333333334,3.024
2022-10-14 21:00:00,3.6639999999999997,3.153333333333333,2.864
2022-10-14 21:15:00,3.5159999999999996,3.016,2.708
2022-10-14 21:30:00,3.36,2.8826666666666667,2.568
2022-10-14 21:45:00,3.216,2.7746666666666666,2.46
2022-10-14 22:00:00,3.092,2.708,2.412
2022-10-14 22:15:00,2.992,2.6493333333333333,2.336
2022-10-14 22:30:00,2.9080000000000004,2.614666666666667,2.3
2022-10-14 22:45:00,2.836,2.584,2.268
2022-10-14 23:00:00,2.7720000000000002,2.546666666666667,2.2319999999999998
2022-10-14 23:15:00,2.7199999999999998,2.502666666666667,2.188
2022-10-14 23:30:00,2.6759999999999997,2.4506666666666668,2.136
2022-10-14 23:45:00,2.648,2.3960000000000004,2.08
2022-10-15 00:00:00,2.58,2.3360000000000003,2.072
2022-10-15 00:15:00,2.516,2.2813333333333334,2.08
2022-10-15 00:30:00,2.468,2.236,2.088
2022-10-15 00:45:00,2.46,2.2066666666666666,2.08
2022-10-15 01:00:00,2.496,2.1973333333333334,2.048
2022-10-15 01:15:00,2.556,2.1999999999999997,1.9959999999999998
2022-10-15 01:30:00,2.616,2.2066666666666666,1.94
2022-10-15 01:45:00,2.648,2.2066666666666666,1.892
2022-10-15 02:00:00,2.628,2.1906666666666665,1.856
2022-10-15 02:15:00,2.572,2.168,1.844
2022-10-15 02:30:00,2.508,2.1493333333333333,1.856
2022-10-15 02:45:00,2.46,2.144,1.892
2022-10-15 03:00:00,2.44,2.1573333333333333,1.952
2022-10-15 03:15:00,2.444,2.1813333333333333,2.02
2022-10-15 03:30:00,2.456,2.204,2.072
2022-10-15 03:45:00,2.46,2.2066666666666666,2.08
2022-10-15 04:00:00,2.444,2.1839999999999997,2.036
2022-10-15 04:15:00,2.428,2.1519999999999997,1.96
2022-10-15 04:30:00,2.424,2.1306666666666665,1.9
2022-10-15 04:45:00,2.46,2.144,1.892
2022-10-15 05:00:00,2.54,2.202666666666667,1.9560000000000002
2022-10-15 05:15:00,2.648,2.2920000000000003,2.072
2022-10-15 05:30:00,2.7560000000000002,2.3853333333333335,2.188
2022-10-15 05:45:00,2.836,2.457333333333333,2.268
2022-10-15 06:00:00,2.868,2.4919999999999995,2.284
2022-10-15 06:15:00,2.868,2.502666666666667,2.2640000000000002
2022-10-15 06:30:00,2.848,2.505333333333333,2.244
2022-10-15 06:45:00,2.836,2.521333333333333,2.268
2022-10-15 07:00:00,2.848,2.5706666666666664,2.376
2022-10-15 07:15:00,2.904,2.670666666666667,2.52
2022-10-15 07:30:00,3.02,2.8373333333333335,2.568
2022-10-15 07:45:00,3.404,3.0893333333333337,2.648
2022-10-15 08:00:00,4.0280000000000005,3.4320000000000004,2.7720000000000002
2022-10-15 08:15:00,4.712000000000001,3.829333333333333,2.94
2022-10-15 08:30:00,5.356000000000001,4.233333333333333,3.148
2022-10-15 08:45:00,5.864,4.602666666666667,3.404
2022-10-15 09:00:00,6.152,4.8933333333333335,3.696
2022-10-15 09:15:00,6.268,5.118666666666667,4.004
2022-10-15 09:30:00,6.276,5.288,4.292
2022-10-15 09:45:00,6.239999999999999,5.421333333333333,4.54
2022-10-15 10:00:00,6.216,5.528,4.716
2022-10-15 10:15:00,6.212,5.609333333333333,4.832
2022-10-15 10:30:00,6.223999999999999,5.661333333333332,4.896
2022-10-15 10:45:00,6.239999999999999,5.673333333333333,4.916
2022-10-15 11:00:00,6.260000000000001,5.645333333333333,4.9
2022-10-15 11:15:00,6.252000000000001,5.573333333333333,4.84
2022-10-15 11:30:00,6.192,5.457333333333334,4.723999999999999
2022-10-15 11:45:00,6.052,5.296,4.54
2022-10-15 12:00:00,5.811999999999999,5.089333333333333,4.284000000000001
2022-10-15 12:15:00,5.492,4.844,3.984
2022-10-15 12:30:00,5.124,4.574666666666666,3.6799999999999997
2022-10-15 12:45:00,4.728000000000001,4.286666666666667,3.404
2022-10-15 13:00:00,4.456,3.9933333333333336,3.1879999999999997
2022-10-15 13:15:00,4.14,3.7146666666666666,3.032
2022-10-15 13:30:00,3.836,3.469333333333333,2.916
2022-10-15 13:45:00,3.592,3.2773333333333334,2.836
2022-10-15 14:00:00,3.4479999999999995,3.154666666666666,2.78
2022-10-15 14:15:00,3.388,3.084,2.732
2022-10-15 14:30:00,3.3840000000000003,3.048,2.692
2022-10-15 14:45:00,3.404,3.0253333333333337,2.648
2022-10-15 15:00:00,3.424,2.9986666666666664,2.5919999999999996
2022-10-15 15:15:00,3.436,2.968,2.536
2022-10-15 15:30:00,3.4320000000000004,2.9346666666666668,2.488
2022-10-15 15:45:00,3.404,2.9,2.46
2022-10-15 16:00:00,3.3520000000000003,2.8666666666666667,2.456
2022-10-15 16:15:00,3.288,2.8333333333333335,2.468
2022-10-15 16:30:00,3.2359999999999998,2.804,2.476
2022-10-15 16:45:00,3.216,2.7746666666666666,2.46
2022-10-15 17:00:00,3.2399999999999998,2.746666666666666,2.408
2022-10-15 17:15:00,3.292,2.7253333333333334,2.344
2022-10-15 17:30:00,3.356,2.7119999999999997,2.2880000000000003
2022-10-15 17:45:00,3.404,2.7106666666666666,2.268
2022-10-15 18:00:00,3.424,2.7226666666666666,2.3
2022-10-15 18:15:00,3.42,2.7399999999999998,2.36
2022-10-15 18:30:00,3.412,2.761333333333333,2.424
2022-10-15 18:45:00,3.404,2.7746666666666666,2.46
2022-10-15 19:00:00,3.412,2.7746666666666666,2.444
2022-10-15 19:15:00,3.424,2.765333333333333,2.396
2022-10-15 19:30:00,3.424,2.7413333333333334,2.328
2022-10-15 19:45:00,3.404,2.7106666666666666,2.268
2022-10-15 20:00:00,3.3480000000000003,2.670666666666667,2.2319999999999998
2022-10-15 20:15:00,3.26,2.6306666666666665,2.22
2022-10-15 20:30:00,3.152,2.5986666666666665,2.2319999999999998
2022-10-15 20:45:00,3.024,2.584,2.268
2022-10-15 21:00:00,2.896,2.5946666666666665,2.328
2022-10-15 21:15:00,2.776,2.616,2.392
2022-10-15 21:30:00,2.788,2.638666666666667,2.44
2022-10-15 21:45:00,2.836,2.648,2.46
2022-10-15 22:00:00,2.8000000000000003,2.6333333333333333,2.432
2022-10-15 22:15:00,2.7279999999999998,2.6013333333333333,2.376
2022-10-15 22:30:00,2.792,2.5613333333333332,2.316
2022-10-15 22:45:00,2.836,2.521333333333333,2.268
2022-10-15 23:00:00,2.836,2.489333333333333,2.2560000000000002
2022-10-15 23:15:00,2.796,2.462666666666667,2.2640000000000002
2022-10-15 23:30:00,2.7279999999999998,2.433333333333333,2.276
2022-10-15 23:45:00,2.648,2.3946666666666663,2.268
2022-10-16 00:00:00,2.568,2.346666666666667,2.236
2022-10-16 00:15:00,2.504,2.292,2.18
2022-10-16 00:30:00,2.46,2.241333333333333,2.1239999999999997
2022-10-16 00:45:00,2.46,2.2066666666666666,2.08
2022-10-16 01:00:00,2.5,2.1906666666666665,2.012
2022-10-16 01:15:00,2.56,2.1906666666666665,1.952
2022-10-16 01:30:00,2.62,2.1973333333333334,1.9040000000000001
2022-10-16 01:45:00,2.648,2.2066666666666666,1.892
2022-10-16 02:00:00,2.628,2.2093333333333334,1.916
2022-10-16 02:15:00,2.572,2.2066666666666666,1.9640000000000002
2022-10-16 02:30:00,2.508,2.2053333333333334,2.024
2022-10-16 02:45:00,2.46,2.2066666666666666,2.08
2022-10-16 03:00:00,2.44,2.212,2.08
2022-10-16 03:15:00,2.444,2.218666666666667,2.084
2022-10-16 03:30:00,2.456,2.218666666666667,2.084
2022-10-16 03:45:00,2.46,2.2066666666666666,2.08
2022-10-16 04:00:00,2.444,2.18,2.024
2022-10-16 04:15:00,2.428,2.1506666666666665,1.96
2022-10-16 04:30:00,2.424,2.1333333333333333,1.9120000000000001
2022-10-16 04:45:00,2.46,2.144,1.892
2022-10-16 05:00:00,2.536,2.188,1.9120000000000001
2022-10-16 05:15:00,2.644,2.2573333333333334,1.9640000000000002
2022-10-16 05:30:00,2.752,2.3320000000000003,2.024
2022-10-16 05:45:00,2.836,2.3946666666666663,2.08
2022-10-16 06:00:00,2.876,2.432,2.112
2022-10-16 06:15:00,2.88,2.4426666666666663,2.1239999999999997
2022-10-16 06:30:00,2.864,2.4306666666666668,2.112
2022-10-16 06:45:00,2.836,2.3946666666666663,2.08
2022-10-16 07:00:00,2.8160000000000003,2.344,2.032
2022-10-16 07:15:00,2.8080000000000003,2.2893333333333334,1.9800000000000002
2022-10-16 07:30:00,2.812,2.2386666666666666,1.928
2022-10-16 07:45:00,2.836,2.2066666666666666,1.892
2022-10-16 08:00:00,2.88,2.1986666666666665,1.844
2022-10-16 08:15:00,2.932,2.2133333333333334,1.836
2022-10-16 08:30:00,2.984,2.2386666666666666,1.8519999999999999
2022-10-16 08:45:00,3.024,2.2693333333333334,1.892
2022-10-16 09:00:00,3.048,2.297333333333333,1.9
2022-10-16 09:15:00,3.052,2.3173333333333335,1.9
2022-10-16 09:30:00,3.04,2.329333333333333,1.9
2022-10-16 09:45:00,3.024,2.3320000000000003,1.892
2022-10-16 10:00:00,3.008,2.3253333333333335,1.8800000000000001
2022-10-16 10:15:00,3.0,2.3186666666666667,1.872
2022-10-16 10:30:00,3.0,2.3160000000000003,1.872
2022-10-16 10:45:00,3.024,2.3320000000000003,1.892
2022-10-16 11:00:00,3.076,2.3693333333333335,1.928
2022-10-16 11:15:00,3.136,2.4213333333333336,1.9800000000000002
2022-10-16 11:30:00,3.1879999999999997,2.4746666666666663,2.032
2022-10-16 11:45:00,3.216,2.521333333333333,2.08
2022-10-16 12:00:00,3.2039999999999997,2.552,2.112
2022-10-16 12:15:00,3.16,2.5626666666666664,2.1239999999999997
2022-10-16 12:30:00,3.1,2.5533333333333332,2.112
2022-10-16 12:45:00,3.024,2.521333333333333,2.08
2022-10-16 13:00:00,2.956,2.470666666666667,2.024
2022-10-16 13:15:00,2.8920000000000003,2.4120000000000004,1.9640000000000002
2022-10-16 13:30:00,2.852,2.36,1.9120000000000001
2022-10-16 13:45:00,2.836,2.332,1.892
2022-10-16 14:00:00,2.856,2.3386666666666667,1.9120000000000001
2022-10-16 14:15:00,2.9000000000000004,2.3693333333333335,1.9640000000000002
2022-10-16 14:30:00,2.96,2.4133333333333336,2.024
2022-10-16 14:45:00,3.024,2.457333333333333,2.08
2022-10-16 15:00:00,3.088,2.4933333333333336,2.112
2022-10-16 15:15:00,3.1399999999999997,2.5146666666666664,2.12
2022-10-16 15:30:00,3.184,2.521333333333333,2.1
2022-10-16 15:45:00,3.216,2.521333333333333,2.08
2022-10-16 16:00:00,3.2359999999999998,2.509333333333333,2.04
2022-10-16 16:15:00,3.2399999999999998,2.489333333333333,1.9879999999999998
2022-10-16 16:30:00,3.2359999999999998,2.473333333333333,1.94
2022-10-16 16:45:00,3.216,2.4586666666666663,1.892
2022-10-16 17:00:00,3.184,2.453333333333333,1.8519999999999999
2022-10-16 17:15:00,3.164,2.464,1.836
2022-10-16 17:30:00,3.164,2.484,1.844
2022-10-16 17:45:00,3.216,2.5226666666666664,1.892
2022-10-16 18:00:00,3.32,2.5733333333333333,1.976
2022-10-16 18:15:00,3.444,2.6293333333333333,2.088
2022-10-16 18:30:00,3.5520000000000005,2.68,2.1919999999999997
2022-10-16 18:45:00,3.592,2.7093333333333334,2.268
2022-10-16 19:00:00,3.544,2.7159999999999997,2.3
2022-10-16 19:15:00,3.4320000000000004,2.6986666666666665,2.3
2022-10-16 19:30:00,3.308,2.6733333333333333,2.284
2022-10-16 19:45:00,3.216,2.648,2.268
2022-10-16 20:00:00,3.1879999999999997,2.6279999999999997,2.268
2022-10-16 20:15:00,3.2079999999999997,2.6173333333333333,2.2800000000000002
2022-10-16 20:30:00,3.228,2.6039999999999996,2.284
2022-10-16 20:45:00,3.216,2.584,2.268
2022-10-16 21:00:00,3.144,2.5573333333333337,2.2319999999999998
2022-10-16 21:15:00,3.032,2.524,2.18
2022-10-16 21:30:00,2.92,2.489333333333333,2.1239999999999997
2022-10-16 21:45:00,2.836,2.4586666666666663,2.08
2022-10-16 22:00:00,2.8080000000000003,2.436,2.06
2022-10-16 22:15:00,2.8160000000000003,2.4186666666666667,2.056
2022-10-16 22:30:00,2.8320000000000003,2.4053333333333335,2.064
2022-10-16 22:45:00,2.836,2.3946666666666663,2.08
2022-10-16 23:00:00,2.8080000000000003,2.3866666666666667,2.096
2022-10-16 23:15:00,2.752,2.3733333333333335,2.104
2022-10-16 23:30:00,2.696,2.3560000000000003,2.1
2022-10-16 23:45:00,2.648,2.3320000000000003,2.08
